file,title,page_url,download_url,mime,licence,credit
aiga_immigration.png,File:Aiga immigration.svg,https://commons.wikimedia.org/wiki/File:Aiga_immigration.svg,https://thumb.wikimedia.org/wikipedia/commons/thumb/c/c2/Aiga_immigration.svg/960px-Aiga_immigration.svg.png?utm_source=commons.wikimedia.org&utm_campaign=imageinfo&utm_content=thumbnail,image/svg+xml,Public domain,
20_airtransportation.png,File:20 airtransportation.svg,https://commons.wikimedia.org/wiki/File:20_airtransportation.svg,https://thumb.wikimedia.org/wikipedia/commons/thumb/c/c2/20_airtransportation.svg/960px-20_airtransportation.svg.png?utm_source=commons.wikimedia.org&utm_campaign=imageinfo&utm_content=thumbnail,image/svg+xml,Public domain,
aiga_arrivingflights.png,File:Aiga arrivingflights.svg,https://commons.wikimedia.org/wiki/File:Aiga_arrivingflights.svg,https://thumb.wikimedia.org/wikipedia/commons/thumb/1/14/Aiga_arrivingflights.svg/960px-Aiga_arrivingflights.svg.png?utm_source=commons.wikimedia.org&utm_campaign=imageinfo&utm_content=thumbnail,image/svg+xml,Public domain,
aiga_baggage_check_in.png,File:Aiga baggage check in.svg,https://commons.wikimedia.org/wiki/File:Aiga_baggage_check_in.svg,https://thumb.wikimedia.org/wikipedia/commons/thumb/6/63/Aiga_baggage_check_in.svg/960px-Aiga_baggage_check_in.svg.png?utm_source=commons.wikimedia.org&utm_campaign=imageinfo&utm_content=thumbnail,image/svg+xml,Public domain,http://www.aiga.org/aiga/content/tools-and-resources/symbol-signs/
aiga_baggagelockers.png,File:Aiga baggagelockers.svg,https://commons.wikimedia.org/wiki/File:Aiga_baggagelockers.svg,https://thumb.wikimedia.org/wikipedia/commons/thumb/8/80/Aiga_baggagelockers.svg/960px-Aiga_baggagelockers.svg.png?utm_source=commons.wikimedia.org&utm_campaign=imageinfo&utm_content=thumbnail,image/svg+xml,Public domain,File:Aiga baggagelockers.gif
aiga_bar_reduced.png,File:Aiga bar (reduced).svg,https://commons.wikimedia.org/wiki/File:Aiga_bar_(reduced).svg,https://thumb.wikimedia.org/wikipedia/commons/thumb/1/13/Aiga_bar_%28reduced%29.svg/960px-Aiga_bar_%28reduced%29.svg.png?utm_source=commons.wikimedia.org&utm_campaign=imageinfo&utm_content=thumbnail,image/svg+xml,Public domain,From AIGA symbol signs collection
aiga_bar.png,File:Aiga bar.svg,https://commons.wikimedia.org/wiki/File:Aiga_bar.svg,https://thumb.wikimedia.org/wikipedia/commons/thumb/7/7f/Aiga_bar.svg/960px-Aiga_bar.svg.png?utm_source=commons.wikimedia.org&utm_campaign=imageinfo&utm_content=thumbnail,image/svg+xml,Public domain,Own work based on AIGA symbol signs collection.
aiga_barbershop_beautysalon.png,File:Aiga BarberShop-BeautySalon.svg,https://commons.wikimedia.org/wiki/File:Aiga_BarberShop-BeautySalon.svg,https://thumb.wikimedia.org/wikipedia/commons/thumb/0/0d/Aiga_BarberShop-BeautySalon.svg/960px-Aiga_BarberShop-BeautySalon.svg.png?utm_source=commons.wikimedia.org&utm_campaign=imageinfo&utm_content=thumbnail,image/svg+xml,Public domain,Converted from AIGA's Symbol Signs collection.
aiga_barbershop.png,File:Aiga BarberShop.svg,https://commons.wikimedia.org/wiki/File:Aiga_BarberShop.svg,https://thumb.wikimedia.org/wikipedia/commons/thumb/5/50/Aiga_BarberShop.svg/960px-Aiga_BarberShop.svg.png?utm_source=commons.wikimedia.org&utm_campaign=imageinfo&utm_content=thumbnail,image/svg+xml,Public domain,Converted from AIGA's Symbol Signs collection.
aiga_beautysalon.png,File:Aiga BeautySalon.svg,https://commons.wikimedia.org/wiki/File:Aiga_BeautySalon.svg,https://thumb.wikimedia.org/wikipedia/commons/thumb/9/96/Aiga_BeautySalon.svg/960px-Aiga_BeautySalon.svg.png?utm_source=commons.wikimedia.org&utm_campaign=imageinfo&utm_content=thumbnail,image/svg+xml,Public domain,Converted from AIGA's Symbol Signs collection.
aiga_bus_trans.png,File:Aiga bus trans.svg,https://commons.wikimedia.org/wiki/File:Aiga_bus_trans.svg,https://thumb.wikimedia.org/wikipedia/commons/thumb/e/eb/Aiga_bus_trans.svg/960px-Aiga_bus_trans.svg.png?utm_source=commons.wikimedia.org&utm_campaign=imageinfo&utm_content=thumbnail,image/svg+xml,Public domain,AIGA
aiga_bus.png,File:Aiga bus.svg,https://commons.wikimedia.org/wiki/File:Aiga_bus.svg,https://thumb.wikimedia.org/wikipedia/commons/thumb/9/93/Aiga_bus.svg/960px-Aiga_bus.svg.png?utm_source=commons.wikimedia.org&utm_campaign=imageinfo&utm_content=thumbnail,image/svg+xml,Public domain,AIGA
aiga_carrental.png,File:Aiga carrental.svg,https://commons.wikimedia.org/wiki/File:Aiga_carrental.svg,https://thumb.wikimedia.org/wikipedia/commons/thumb/3/30/Aiga_carrental.svg/960px-Aiga_carrental.svg.png?utm_source=commons.wikimedia.org&utm_campaign=imageinfo&utm_content=thumbnail,image/svg+xml,Public domain,"File:Aiga carrental.gif
File:Aiga taxi.svg
File:Aiga baggagelockers.svg"
aiga_cashier.png,File:Aiga cashier.svg,https://commons.wikimedia.org/wiki/File:Aiga_cashier.svg,https://thumb.wikimedia.org/wikipedia/commons/thumb/c/c9/Aiga_cashier.svg/960px-Aiga_cashier.svg.png?utm_source=commons.wikimedia.org&utm_campaign=imageinfo&utm_content=thumbnail,image/svg+xml,Public domain,"This image is from a collection commissioned by the United States Department of Transportation and designed by AIGA. It is copyright-free, and is available here."
aiga_coatcheck.png,File:Aiga coatcheck.svg,https://commons.wikimedia.org/wiki/File:Aiga_coatcheck.svg,https://thumb.wikimedia.org/wikipedia/commons/thumb/6/62/Aiga_coatcheck.svg/960px-Aiga_coatcheck.svg.png?utm_source=commons.wikimedia.org&utm_campaign=imageinfo&utm_content=thumbnail,image/svg+xml,Public domain,File:Aiga_coatcheck.png
aiga_coffeeshop.png,File:Aiga coffeeshop.svg,https://commons.wikimedia.org/wiki/File:Aiga_coffeeshop.svg,https://thumb.wikimedia.org/wikipedia/commons/thumb/7/77/Aiga_coffeeshop.svg/960px-Aiga_coffeeshop.svg.png?utm_source=commons.wikimedia.org&utm_campaign=imageinfo&utm_content=thumbnail,image/svg+xml,Public domain,openclipart
aiga_currencyexchange.png,File:Aiga currencyexchange.svg,https://commons.wikimedia.org/wiki/File:Aiga_currencyexchange.svg,https://thumb.wikimedia.org/wikipedia/commons/thumb/3/3e/Aiga_currencyexchange.svg/960px-Aiga_currencyexchange.svg.png?utm_source=commons.wikimedia.org&utm_campaign=imageinfo&utm_content=thumbnail,image/svg+xml,CC0,http://www.aiga.org/symbol-signs/
aiga_customs.png,File:Aiga customs.svg,https://commons.wikimedia.org/wiki/File:Aiga_customs.svg,https://thumb.wikimedia.org/wikipedia/commons/thumb/b/b3/Aiga_customs.svg/960px-Aiga_customs.svg.png?utm_source=commons.wikimedia.org&utm_campaign=imageinfo&utm_content=thumbnail,image/svg+xml,Public domain,Own work using: http://www.aiga.org/content.cfm/symbolsigns
aiga_departingflights.png,File:Aiga departingflights.svg,https://commons.wikimedia.org/wiki/File:Aiga_departingflights.svg,https://thumb.wikimedia.org/wikipedia/commons/thumb/b/b4/Aiga_departingflights.svg/960px-Aiga_departingflights.svg.png?utm_source=commons.wikimedia.org&utm_campaign=imageinfo&utm_content=thumbnail,image/svg+xml,Public domain,Own work
aiga_drinkingfountain.png,File:Aiga drinkingfountain.svg,https://commons.wikimedia.org/wiki/File:Aiga_drinkingfountain.svg,https://thumb.wikimedia.org/wikipedia/commons/thumb/e/e3/Aiga_drinkingfountain.svg/960px-Aiga_drinkingfountain.svg.png?utm_source=commons.wikimedia.org&utm_campaign=imageinfo&utm_content=thumbnail,image/svg+xml,Public domain,
aiga_elevator.png,File:Aiga elevator.svg,https://commons.wikimedia.org/wiki/File:Aiga_elevator.svg,https://thumb.wikimedia.org/wikipedia/commons/thumb/b/b3/Aiga_elevator.svg/960px-Aiga_elevator.svg.png?utm_source=commons.wikimedia.org&utm_campaign=imageinfo&utm_content=thumbnail,image/svg+xml,Public domain,"This image is from a collection commissioned by the United States Department of Transportation and designed by AIGA. It is copyright-free, and is available here."
aiga_escalator_down_mirror.png,File:Aiga escalator down mirror.svg,https://commons.wikimedia.org/wiki/File:Aiga_escalator_down_mirror.svg,https://thumb.wikimedia.org/wikipedia/commons/thumb/e/ec/Aiga_escalator_down_mirror.svg/960px-Aiga_escalator_down_mirror.svg.png?utm_source=commons.wikimedia.org&utm_campaign=imageinfo&utm_content=thumbnail,image/svg+xml,Public domain,
aiga_escalator_down.png,File:Aiga escalator down.svg,https://commons.wikimedia.org/wiki/File:Aiga_escalator_down.svg,https://thumb.wikimedia.org/wikipedia/commons/thumb/1/18/Aiga_escalator_down.svg/960px-Aiga_escalator_down.svg.png?utm_source=commons.wikimedia.org&utm_campaign=imageinfo&utm_content=thumbnail,image/svg+xml,Public domain,
aiga_escalator_mirror.png,File:Aiga escalator mirror.svg,https://commons.wikimedia.org/wiki/File:Aiga_escalator_mirror.svg,https://thumb.wikimedia.org/wikipedia/commons/thumb/a/a2/Aiga_escalator_mirror.svg/960px-Aiga_escalator_mirror.svg.png?utm_source=commons.wikimedia.org&utm_campaign=imageinfo&utm_content=thumbnail,image/svg+xml,Public domain,
aiga_escalator_up_mirror.png,File:Aiga escalator up mirror.svg,https://commons.wikimedia.org/wiki/File:Aiga_escalator_up_mirror.svg,https://thumb.wikimedia.org/wikipedia/commons/thumb/e/e0/Aiga_escalator_up_mirror.svg/960px-Aiga_escalator_up_mirror.svg.png?utm_source=commons.wikimedia.org&utm_campaign=imageinfo&utm_content=thumbnail,image/svg+xml,Public domain,
aiga_escalator_up.png,File:Aiga escalator up.svg,https://commons.wikimedia.org/wiki/File:Aiga_escalator_up.svg,https://thumb.wikimedia.org/wikipedia/commons/thumb/5/59/Aiga_escalator_up.svg/960px-Aiga_escalator_up.svg.png?utm_source=commons.wikimedia.org&utm_campaign=imageinfo&utm_content=thumbnail,image/svg+xml,Public domain,
aiga_escalator.png,File:Aiga escalator.svg,https://commons.wikimedia.org/wiki/File:Aiga_escalator.svg,https://thumb.wikimedia.org/wikipedia/commons/thumb/3/32/Aiga_escalator.svg/960px-Aiga_escalator.svg.png?utm_source=commons.wikimedia.org&utm_campaign=imageinfo&utm_content=thumbnail,image/svg+xml,Public domain,"This image is from a collection commissioned by the United States Department of Transportation and designed by AIGA. It is copyright-free, and is available here."
aiga_exit_green.png,File:Aiga Exit - Green.svg,https://commons.wikimedia.org/wiki/File:Aiga_Exit_-_Green.svg,https://thumb.wikimedia.org/wikipedia/commons/thumb/4/4d/Aiga_Exit_-_Green.svg/960px-Aiga_Exit_-_Green.svg.png?utm_source=commons.wikimedia.org&utm_campaign=imageinfo&utm_content=thumbnail,image/svg+xml,Public domain,Converted from AIGA's Symbol Signs collection.
aiga_exit.png,File:Aiga exit.svg,https://commons.wikimedia.org/wiki/File:Aiga_exit.svg,https://thumb.wikimedia.org/wikipedia/commons/thumb/d/d7/Aiga_exit.svg/960px-Aiga_exit.svg.png?utm_source=commons.wikimedia.org&utm_campaign=imageinfo&utm_content=thumbnail,image/svg+xml,Public domain,openclipart
aiga_fire_extinguisher.png,File:Aiga fire extinguisher.svg,https://commons.wikimedia.org/wiki/File:Aiga_fire_extinguisher.svg,https://thumb.wikimedia.org/wikipedia/commons/thumb/4/4b/Aiga_fire_extinguisher.svg/960px-Aiga_fire_extinguisher.svg.png?utm_source=commons.wikimedia.org&utm_campaign=imageinfo&utm_content=thumbnail,image/svg+xml,Public domain,From AIGA symbol signs collection
aiga_firstaid_red.png,File:Aiga FirstAid - Red.svg,https://commons.wikimedia.org/wiki/File:Aiga_FirstAid_-_Red.svg,https://thumb.wikimedia.org/wikipedia/commons/thumb/2/24/Aiga_FirstAid_-_Red.svg/960px-Aiga_FirstAid_-_Red.svg.png?utm_source=commons.wikimedia.org&utm_campaign=imageinfo&utm_content=thumbnail,image/svg+xml,Public domain,Converted from AIGA's Symbol Signs collection.
aiga_firstaid.png,File:Aiga firstaid.svg,https://commons.wikimedia.org/wiki/File:Aiga_firstaid.svg,https://thumb.wikimedia.org/wikipedia/commons/thumb/a/a6/Aiga_firstaid.svg/960px-Aiga_firstaid.svg.png?utm_source=commons.wikimedia.org&utm_campaign=imageinfo&utm_content=thumbnail,image/svg+xml,Public domain,Own work using: http://www.aiga.org/content.cfm/symbolsigns
aiga_groundtransportation.png,File:Aiga groundtransportation.svg,https://commons.wikimedia.org/wiki/File:Aiga_groundtransportation.svg,https://thumb.wikimedia.org/wikipedia/commons/thumb/d/d3/Aiga_groundtransportation.svg/960px-Aiga_groundtransportation.svg.png?utm_source=commons.wikimedia.org&utm_campaign=imageinfo&utm_content=thumbnail,image/svg+xml,Public domain,
aiga_heliport.png,File:Aiga heliport.svg,https://commons.wikimedia.org/wiki/File:Aiga_heliport.svg,https://thumb.wikimedia.org/wikipedia/commons/thumb/0/0f/Aiga_heliport.svg/960px-Aiga_heliport.svg.png?utm_source=commons.wikimedia.org&utm_campaign=imageinfo&utm_content=thumbnail,image/svg+xml,Public domain,http://public-domain-photos.com/free-cliparts/signs_and_symbols/map_symbols/aiga_heliport_-6985.htm
aiga_hotelinformation.png,File:Aiga hotelinformation.svg,https://commons.wikimedia.org/wiki/File:Aiga_hotelinformation.svg,https://thumb.wikimedia.org/wikipedia/commons/thumb/3/3e/Aiga_hotelinformation.svg/960px-Aiga_hotelinformation.svg.png?utm_source=commons.wikimedia.org&utm_campaign=imageinfo&utm_content=thumbnail,image/svg+xml,Public domain,http://www.aiga.org/symbol-signs/
aiga_information.png,File:AIGA information.svg,https://commons.wikimedia.org/wiki/File:AIGA_information.svg,https://thumb.wikimedia.org/wikipedia/commons/thumb/3/3e/AIGA_information.svg/960px-AIGA_information.svg.png?utm_source=commons.wikimedia.org&utm_campaign=imageinfo&utm_content=thumbnail,image/svg+xml,Public domain,code
aiga_litterdisposal.png,File:Aiga litterdisposal.svg,https://commons.wikimedia.org/wiki/File:Aiga_litterdisposal.svg,https://thumb.wikimedia.org/wikipedia/commons/thumb/8/8b/Aiga_litterdisposal.svg/960px-Aiga_litterdisposal.svg.png?utm_source=commons.wikimedia.org&utm_campaign=imageinfo&utm_content=thumbnail,image/svg+xml,Public domain,
aiga_lostandfound.png,File:Aiga lostandfound.svg,https://commons.wikimedia.org/wiki/File:Aiga_lostandfound.svg,https://thumb.wikimedia.org/wikipedia/commons/thumb/f/fc/Aiga_lostandfound.svg/960px-Aiga_lostandfound.svg.png?utm_source=commons.wikimedia.org&utm_campaign=imageinfo&utm_content=thumbnail,image/svg+xml,Public domain,
aiga_mail_white.png,File:Aiga mail white.svg,https://commons.wikimedia.org/wiki/File:Aiga_mail_white.svg,https://thumb.wikimedia.org/wikipedia/commons/thumb/8/82/Aiga_mail_white.svg/960px-Aiga_mail_white.svg.png?utm_source=commons.wikimedia.org&utm_campaign=imageinfo&utm_content=thumbnail,image/svg+xml,CC0,File:Aiga mail.svg
aiga_mail.png,File:Aiga mail.svg,https://commons.wikimedia.org/wiki/File:Aiga_mail.svg,https://thumb.wikimedia.org/wikipedia/commons/thumb/d/df/Aiga_mail.svg/960px-Aiga_mail.svg.png?utm_source=commons.wikimedia.org&utm_campaign=imageinfo&utm_content=thumbnail,image/svg+xml,Public domain,
aiga_no_entry_red.png,File:Aiga No-Entry - Red.svg,https://commons.wikimedia.org/wiki/File:Aiga_No-Entry_-_Red.svg,https://thumb.wikimedia.org/wikipedia/commons/thumb/2/27/Aiga_No-Entry_-_Red.svg/960px-Aiga_No-Entry_-_Red.svg.png?utm_source=commons.wikimedia.org&utm_campaign=imageinfo&utm_content=thumbnail,image/svg+xml,Public domain,Converted from AIGA's Symbol Signs collection.
aiga_no_smoking_red.png,File:Aiga No-Smoking - Red.svg,https://commons.wikimedia.org/wiki/File:Aiga_No-Smoking_-_Red.svg,https://thumb.wikimedia.org/wikipedia/commons/thumb/e/e2/Aiga_No-Smoking_-_Red.svg/960px-Aiga_No-Smoking_-_Red.svg.png?utm_source=commons.wikimedia.org&utm_campaign=imageinfo&utm_content=thumbnail,image/svg+xml,Public domain,Converted from AIGA's Symbol Signs collection.
aiga_nodogs_red.png,File:Aiga NoDogs - Red.svg,https://commons.wikimedia.org/wiki/File:Aiga_NoDogs_-_Red.svg,https://thumb.wikimedia.org/wikipedia/commons/thumb/7/7e/Aiga_NoDogs_-_Red.svg/960px-Aiga_NoDogs_-_Red.svg.png?utm_source=commons.wikimedia.org&utm_campaign=imageinfo&utm_content=thumbnail,image/svg+xml,Public domain,Converted from AIGA's Symbol Signs collection.
aiga_nodogs.png,File:Aiga nodogs.svg,https://commons.wikimedia.org/wiki/File:Aiga_nodogs.svg,https://thumb.wikimedia.org/wikipedia/commons/thumb/4/41/Aiga_nodogs.svg/960px-Aiga_nodogs.svg.png?utm_source=commons.wikimedia.org&utm_campaign=imageinfo&utm_content=thumbnail,image/svg+xml,Public domain,File:Aiga_nodogs.png
aiga_noentry.png,File:Aiga noentry.svg,https://commons.wikimedia.org/wiki/File:Aiga_noentry.svg,https://thumb.wikimedia.org/wikipedia/commons/thumb/f/f0/Aiga_noentry.svg/960px-Aiga_noentry.svg.png?utm_source=commons.wikimedia.org&utm_campaign=imageinfo&utm_content=thumbnail,image/svg+xml,Public domain,This file was derived from:  Aiga noentry.svg: 
aiga_noparking_red.png,File:Aiga NoParking - Red.svg,https://commons.wikimedia.org/wiki/File:Aiga_NoParking_-_Red.svg,https://thumb.wikimedia.org/wikipedia/commons/thumb/7/7b/Aiga_NoParking_-_Red.svg/960px-Aiga_NoParking_-_Red.svg.png?utm_source=commons.wikimedia.org&utm_campaign=imageinfo&utm_content=thumbnail,image/svg+xml,Public domain,Converted from AIGA's Symbol Signs collection.
aiga_noparking.png,File:Aiga noparking.svg,https://commons.wikimedia.org/wiki/File:Aiga_noparking.svg,https://thumb.wikimedia.org/wikipedia/commons/thumb/f/f7/Aiga_noparking.svg/960px-Aiga_noparking.svg.png?utm_source=commons.wikimedia.org&utm_campaign=imageinfo&utm_content=thumbnail,image/svg+xml,Public domain,AIGA's Symbol Signs download.
aiga_nosmoking.png,File:Aiga nosmoking.svg,https://commons.wikimedia.org/wiki/File:Aiga_nosmoking.svg,https://thumb.wikimedia.org/wikipedia/commons/thumb/d/dd/Aiga_nosmoking.svg/960px-Aiga_nosmoking.svg.png?utm_source=commons.wikimedia.org&utm_campaign=imageinfo&utm_content=thumbnail,image/svg+xml,Public domain,
aiga_nursery.png,File:Aiga nursery.svg,https://commons.wikimedia.org/wiki/File:Aiga_nursery.svg,https://thumb.wikimedia.org/wikipedia/commons/thumb/4/4d/Aiga_nursery.svg/960px-Aiga_nursery.svg.png?utm_source=commons.wikimedia.org&utm_campaign=imageinfo&utm_content=thumbnail,image/svg+xml,Public domain,
aiga_parking.png,File:Aiga parking.svg,https://commons.wikimedia.org/wiki/File:Aiga_parking.svg,https://thumb.wikimedia.org/wikipedia/commons/thumb/e/ef/Aiga_parking.svg/960px-Aiga_parking.svg.png?utm_source=commons.wikimedia.org&utm_campaign=imageinfo&utm_content=thumbnail,image/svg+xml,Public domain,openclipart
aiga_railtransportation_25_white.png,File:Aiga railtransportation 25 white.svg,https://commons.wikimedia.org/wiki/File:Aiga_railtransportation_25_white.svg,https://thumb.wikimedia.org/wikipedia/commons/thumb/5/58/Aiga_railtransportation_25_white.svg/960px-Aiga_railtransportation_25_white.svg.png?utm_source=commons.wikimedia.org&utm_campaign=imageinfo&utm_content=thumbnail,image/svg+xml,Public domain,"This image is from a collection commissioned by the United States Department of Transportation and designed by AIGA. It is copyright-free, and is available here."
aiga_railtransportation_25.png,File:Aiga railtransportation 25.svg,https://commons.wikimedia.org/wiki/File:Aiga_railtransportation_25.svg,https://thumb.wikimedia.org/wikipedia/commons/thumb/3/38/Aiga_railtransportation_25.svg/960px-Aiga_railtransportation_25.svg.png?utm_source=commons.wikimedia.org&utm_campaign=imageinfo&utm_content=thumbnail,image/svg+xml,Public domain,"This image is from a collection commissioned by the United States Department of Transportation and designed by AIGA. It is copyright-free, and is available here."
aiga_railtransportation.png,File:Aiga railtransportation.svg,https://commons.wikimedia.org/wiki/File:Aiga_railtransportation.svg,https://thumb.wikimedia.org/wikipedia/commons/thumb/7/7e/Aiga_railtransportation.svg/960px-Aiga_railtransportation.svg.png?utm_source=commons.wikimedia.org&utm_campaign=imageinfo&utm_content=thumbnail,image/svg+xml,Public domain,Own work based on Image:Aiga railtransportation.gif from the AIGA symbol signs collection.
aiga_restaurant_2.png,File:Aiga restaurant 2.svg,https://commons.wikimedia.org/wiki/File:Aiga_restaurant_2.svg,https://thumb.wikimedia.org/wikipedia/commons/thumb/2/27/Aiga_restaurant_2.svg/960px-Aiga_restaurant_2.svg.png?utm_source=commons.wikimedia.org&utm_campaign=imageinfo&utm_content=thumbnail,image/svg+xml,Public domain,Own work +File:Aiga restaurant .svg
aiga_restaurant.png,File:Aiga restaurant.svg,https://commons.wikimedia.org/wiki/File:Aiga_restaurant.svg,https://thumb.wikimedia.org/wikipedia/commons/thumb/c/c9/Aiga_restaurant.svg/960px-Aiga_restaurant.svg.png?utm_source=commons.wikimedia.org&utm_campaign=imageinfo&utm_content=thumbnail,image/svg+xml,Public domain,From AIGA symbol signs collection
aiga_shops.png,File:Aiga shops.svg,https://commons.wikimedia.org/wiki/File:Aiga_shops.svg,https://thumb.wikimedia.org/wikipedia/commons/thumb/5/5d/Aiga_shops.svg/960px-Aiga_shops.svg.png?utm_source=commons.wikimedia.org&utm_campaign=imageinfo&utm_content=thumbnail,image/svg+xml,Public domain,
aiga_stairs_down.png,File:Aiga stairs down.png,https://commons.wikimedia.org/wiki/File:Aiga_stairs_down.png,https://upload.wikimedia.org/wikipedia/commons/5/5f/Aiga_stairs_down.png?utm_source=commons.wikimedia.org&utm_campaign=imageinfo&utm_content=thumbnail_unscaled,image/png,Public domain,
aiga_stairs.png,File:Aiga stairs.svg,https://commons.wikimedia.org/wiki/File:Aiga_stairs.svg,https://thumb.wikimedia.org/wikipedia/commons/thumb/4/43/Aiga_stairs.svg/960px-Aiga_stairs.svg.png?utm_source=commons.wikimedia.org&utm_campaign=imageinfo&utm_content=thumbnail,image/svg+xml,Public domain,
aiga_taxi.png,File:Aiga taxi.svg,https://commons.wikimedia.org/wiki/File:Aiga_taxi.svg,https://thumb.wikimedia.org/wikipedia/commons/thumb/4/40/Aiga_taxi.svg/960px-Aiga_taxi.svg.png?utm_source=commons.wikimedia.org&utm_campaign=imageinfo&utm_content=thumbnail,image/svg+xml,Public domain,
aiga_telephone.png,File:Aiga telephone.svg,https://commons.wikimedia.org/wiki/File:Aiga_telephone.svg,https://thumb.wikimedia.org/wikipedia/commons/thumb/0/0b/Aiga_telephone.svg/960px-Aiga_telephone.svg.png?utm_source=commons.wikimedia.org&utm_campaign=imageinfo&utm_content=thumbnail,image/svg+xml,Public domain,
aiga_ticketpurchase_inv_svg_biglietteria_a_sportello.png,File:Aiga ticketpurchase inv.svg - Biglietteria a Sportello.png,https://commons.wikimedia.org/wiki/File:Aiga_ticketpurchase_inv.svg_-_Biglietteria_a_Sportello.png,https://upload.wikimedia.org/wikipedia/commons/3/34/Aiga_ticketpurchase_inv.svg_-_Biglietteria_a_Sportello.png?utm_source=commons.wikimedia.org&utm_campaign=imageinfo&utm_content=thumbnail_unscaled,image/png,Public domain,Unknown sourceUnknown source
aiga_ticketpurchase.png,File:Aiga ticketpurchase.svg,https://commons.wikimedia.org/wiki/File:Aiga_ticketpurchase.svg,https://thumb.wikimedia.org/wikipedia/commons/thumb/f/f9/Aiga_ticketpurchase.svg/960px-Aiga_ticketpurchase.svg.png?utm_source=commons.wikimedia.org&utm_campaign=imageinfo&utm_content=thumbnail,image/svg+xml,Public domain,
aiga_toiletsq_men.png,File:Aiga toiletsq men.svg,https://commons.wikimedia.org/wiki/File:Aiga_toiletsq_men.svg,https://thumb.wikimedia.org/wikipedia/commons/thumb/4/4e/Aiga_toiletsq_men.svg/960px-Aiga_toiletsq_men.svg.png?utm_source=commons.wikimedia.org&utm_campaign=imageinfo&utm_content=thumbnail,image/svg+xml,Public domain,http://www.aiga.org/Resources/SymbolSigns/gif_large/12_toiletsq_men.gif
aiga_waitingroom.png,File:Aiga waitingroom.svg,https://commons.wikimedia.org/wiki/File:Aiga_waitingroom.svg,https://thumb.wikimedia.org/wikipedia/commons/thumb/a/a5/Aiga_waitingroom.svg/960px-Aiga_waitingroom.svg.png?utm_source=commons.wikimedia.org&utm_campaign=imageinfo&utm_content=thumbnail,image/svg+xml,Public domain,This file was derived from:  Aiga waitingroom.png: 
aiga_watertransportation.png,File:Aiga watertransportation.svg,https://commons.wikimedia.org/wiki/File:Aiga_watertransportation.svg,https://thumb.wikimedia.org/wikipedia/commons/thumb/9/94/Aiga_watertransportation.svg/960px-Aiga_watertransportation.svg.png?utm_source=commons.wikimedia.org&utm_campaign=imageinfo&utm_content=thumbnail,image/svg+xml,Public domain,"self-made SVG remake of Image:Aiga watertransportation.gif, which is PD as a US government work"
aiga_no_parking.png,File:Aiga-no-parking.svg,https://commons.wikimedia.org/wiki/File:Aiga-no-parking.svg,https://thumb.wikimedia.org/wikipedia/commons/thumb/a/a6/Aiga-no-parking.svg/960px-Aiga-no-parking.svg.png?utm_source=commons.wikimedia.org&utm_campaign=imageinfo&utm_content=thumbnail,image/svg+xml,CC0,https://openclipart.org/detail/26634/aiga-no-parking
aiga_uparrow.png,File:Aiga uparrow.svg,https://commons.wikimedia.org/wiki/File:Aiga_uparrow.svg,https://thumb.wikimedia.org/wikipedia/commons/thumb/a/aa/Aiga_uparrow.svg/960px-Aiga_uparrow.svg.png?utm_source=commons.wikimedia.org&utm_campaign=imageinfo&utm_content=thumbnail,image/svg+xml,Public domain,see below.
aiga_forwardandrightarrow.png,File:Aiga forwardandrightarrow.svg,https://commons.wikimedia.org/wiki/File:Aiga_forwardandrightarrow.svg,https://thumb.wikimedia.org/wikipedia/commons/thumb/a/a4/Aiga_forwardandrightarrow.svg/960px-Aiga_forwardandrightarrow.svg.png?utm_source=commons.wikimedia.org&utm_campaign=imageinfo&utm_content=thumbnail,image/svg+xml,Public domain,see below.
aiga_rightarrow.png,File:Aiga rightarrow.svg,https://commons.wikimedia.org/wiki/File:Aiga_rightarrow.svg,https://thumb.wikimedia.org/wikipedia/commons/thumb/6/64/Aiga_rightarrow.svg/960px-Aiga_rightarrow.svg.png?utm_source=commons.wikimedia.org&utm_campaign=imageinfo&utm_content=thumbnail,image/svg+xml,Public domain,see below.
aiga_rightanddownarrow.png,File:Aiga rightanddownarrow.svg,https://commons.wikimedia.org/wiki/File:Aiga_rightanddownarrow.svg,https://thumb.wikimedia.org/wikipedia/commons/thumb/1/1f/Aiga_rightanddownarrow.svg/960px-Aiga_rightanddownarrow.svg.png?utm_source=commons.wikimedia.org&utm_campaign=imageinfo&utm_content=thumbnail,image/svg+xml,Public domain,see below.
aiga_downarrow.png,File:Aiga downarrow.svg,https://commons.wikimedia.org/wiki/File:Aiga_downarrow.svg,https://thumb.wikimedia.org/wikipedia/commons/thumb/8/8b/Aiga_downarrow.svg/960px-Aiga_downarrow.svg.png?utm_source=commons.wikimedia.org&utm_campaign=imageinfo&utm_content=thumbnail,image/svg+xml,Public domain,see below.
aiga_leftanddownarrow.png,File:Aiga leftanddownarrow.svg,https://commons.wikimedia.org/wiki/File:Aiga_leftanddownarrow.svg,https://thumb.wikimedia.org/wikipedia/commons/thumb/8/8d/Aiga_leftanddownarrow.svg/960px-Aiga_leftanddownarrow.svg.png?utm_source=commons.wikimedia.org&utm_campaign=imageinfo&utm_content=thumbnail,image/svg+xml,Public domain,see below.
aiga_leftarrow.png,File:Aiga leftarrow.svg,https://commons.wikimedia.org/wiki/File:Aiga_leftarrow.svg,https://thumb.wikimedia.org/wikipedia/commons/thumb/c/ce/Aiga_leftarrow.svg/960px-Aiga_leftarrow.svg.png?utm_source=commons.wikimedia.org&utm_campaign=imageinfo&utm_content=thumbnail,image/svg+xml,Public domain,see below.
aiga_forwardandleftarrow.png,File:Aiga forwardandleftarrow.svg,https://commons.wikimedia.org/wiki/File:Aiga_forwardandleftarrow.svg,https://thumb.wikimedia.org/wikipedia/commons/thumb/3/37/Aiga_forwardandleftarrow.svg/960px-Aiga_forwardandleftarrow.svg.png?utm_source=commons.wikimedia.org&utm_campaign=imageinfo&utm_content=thumbnail,image/svg+xml,Public domain,see below.
bsicon_lbus_white.png,File:BSicon lBUS white.svg,https://commons.wikimedia.org/wiki/File:BSicon_lBUS_white.svg,https://thumb.wikimedia.org/wikipedia/commons/thumb/b/bb/BSicon_lBUS_white.svg/960px-BSicon_lBUS_white.svg.png?utm_source=commons.wikimedia.org&utm_campaign=imageinfo&utm_content=thumbnail,image/svg+xml,Public domain,File:Aiga bus trans.svg
bsicon_lbus.png,File:BSicon lBUS.svg,https://commons.wikimedia.org/wiki/File:BSicon_lBUS.svg,https://thumb.wikimedia.org/wikipedia/commons/thumb/8/82/BSicon_lBUS.svg/960px-BSicon_lBUS.svg.png?utm_source=commons.wikimedia.org&utm_campaign=imageinfo&utm_content=thumbnail,image/svg+xml,Public domain,File:Aiga bus trans.svg
bsicon_passport.png,File:BSicon PASSPORT.svg,https://commons.wikimedia.org/wiki/File:BSicon_PASSPORT.svg,https://thumb.wikimedia.org/wikipedia/commons/thumb/6/69/BSicon_PASSPORT.svg/960px-BSicon_PASSPORT.svg.png?utm_source=commons.wikimedia.org&utm_campaign=imageinfo&utm_content=thumbnail,image/svg+xml,Public domain,Own work
bsicon_rentalcar.png,File:BSicon RENTALCAR.svg,https://commons.wikimedia.org/wiki/File:BSicon_RENTALCAR.svg,https://thumb.wikimedia.org/wikipedia/commons/thumb/9/93/BSicon_RENTALCAR.svg/960px-BSicon_RENTALCAR.svg.png?utm_source=commons.wikimedia.org&utm_campaign=imageinfo&utm_content=thumbnail,image/svg+xml,Public domain,Own work
smoking_aiga_symbol.png,File:Smoking AIGA symbol.svg,https://commons.wikimedia.org/wiki/File:Smoking_AIGA_symbol.svg,https://thumb.wikimedia.org/wikipedia/commons/thumb/d/d9/Smoking_AIGA_symbol.svg/960px-Smoking_AIGA_symbol.svg.png?utm_source=commons.wikimedia.org&utm_campaign=imageinfo&utm_content=thumbnail,image/svg+xml,Public domain,
toilet_women.png,File:Toilet women.svg,https://commons.wikimedia.org/wiki/File:Toilet_women.svg,https://thumb.wikimedia.org/wikipedia/commons/thumb/e/e3/Toilet_women.svg/960px-Toilet_women.svg.png?utm_source=commons.wikimedia.org&utm_campaign=imageinfo&utm_content=thumbnail,image/svg+xml,CC BY 2.5,Own work
toilets_unisex.png,File:Toilets unisex.svg,https://commons.wikimedia.org/wiki/File:Toilets_unisex.svg,https://thumb.wikimedia.org/wikipedia/commons/thumb/8/8f/Toilets_unisex.svg/960px-Toilets_unisex.svg.png?utm_source=commons.wikimedia.org&utm_campaign=imageinfo&utm_content=thumbnail,image/svg+xml,Public domain,"It is copyright-free, and is available here. Converted from EPS to SVG."
translink_qld_bus_icon_with_roundel_2022.png,File:Translink Qld bus icon with roundel 2022.svg,https://commons.wikimedia.org/wiki/File:Translink_Qld_bus_icon_with_roundel_2022.svg,https://thumb.wikimedia.org/wikipedia/commons/thumb/5/51/Translink_Qld_bus_icon_with_roundel_2022.svg/960px-Translink_Qld_bus_icon_with_roundel_2022.svg.png?utm_source=commons.wikimedia.org&utm_campaign=imageinfo&utm_content=thumbnail,image/svg+xml,Public domain,https://jp.translink.com.au/
